ForcastId,# Deaths,# Confirmed_Cases,# Recovered
0,0.13244941348973607,3.059315952070662,2.339495357606458
1,0.10561268592518594,4.359003197374521,5.506218672667203
2,0.025222222222222222,1.4254011144084668,0.4590322214550157
3,0.015822566322566324,1.3848609429785907,1.036726572039072
4,0.0005154639175257732,0.2919838815966394,0.38347289394454365
5,0.0005154639175257732,0.3647881453153768,0.4974274569254222
6,0.04488888888888889,1.727779204047586,0.5178260522157583
7,0.03022222222222222,1.4273633094846325,0.7866931818181816
8,0.12403053890553889,7.123871379437557,6.157537465394085
9,0.7316129148629149,9.233009568347027,4.371283131428254
10,0.025222222222222222,1.4273003442635792,0.4282860578963522
11,0.0005154639175257732,0.33969205390678536,0.5004464656944312
12,0.336860382264794,3.0087046952230776,1.7046790701128938
13,13.733265358684424,206.05712582247358,191.04804214736717
14,8.550018635314055,253.1557401476114,50.286709338019634
15,17.23832368987652,114.80091999514507,169.2540454804913
16,0.003015463917525773,0.25224333211344285,0.24706367938459364
17,0.0005154639175257732,0.3663133076530391,0.5132061365791017
18,0.0489098679098679,3.7472276734703227,4.039063457375962
19,35.348594313903334,486.870792158757,128.02469436067886
20,0.12618339340398163,0.5437823524514698,1.5071664609899906
21,41.31548573132004,487.91650389641194,327.1597380586325
22,15.52913376111533,225.22312539928566,227.02228984411494
23,0.0,3.392138385758547,0.8433996457189186
24,0.0005154639175257732,0.3578049063321377,0.5085294452149104
25,0.04488888888888889,1.695227235183117,0.48008387772358374
26,0.0005154639175257732,0.305709315476485,0.3854531359247855
27,0.016401515151515153,1.4291877781016715,2.580637344445201
28,0.020548621313327194,0.5825933257703769,1.2653145029205404
29,0.0425437062937063,1.9993598480767596,4.921096877752453
30,0.0962241785991786,5.6169157129635074,7.184878099433243
31,0.01967367354867355,2.3242067061090173,0.7542754931809558
32,25.20979359556194,311.3740835281666,310.9284159528916
33,0.01967367354867355,2.3236184708148993,0.7501578461221322
34,0.0705004925629925,6.032000211218092,2.512977462080403
35,0.003015463917525773,0.24559314896325965,0.22375507132598557
36,0.1290995670995671,4.725389108138608,4.8853988686751855
37,1.3575735146213088,26.24477074993985,48.13591074717545
38,0.08108117087161204,0.4845054567465559,0.6694161916085294
39,0.025222222222222222,1.4297240386247734,0.41137636709695546
40,0.0963452380952381,2.7921480169082726,1.1027951092380273
41,0.8955907981203195,24.162743155922097,5.261173266998611
42,0.025933677433677426,2.111965867873955,1.4340335591695887
43,0.1880573593073593,3.789044391367147,2.6554183956738133
44,0.6480582269038152,49.60396892175162,18.831507302187834
45,19.162774522948677,97.86645837914668,201.7686141152879
46,0.01967367354867355,2.3236184708148993,0.7501578461221322
47,0.023964646464646466,0.9886186868686869,0.10182647907647907
48,45.62298308132124,517.2257454079534,342.53383141569697
49,0.0021428571428571425,3.0974654417434975,0.6947956108648833
50,0.8955907981203195,25.257155139771577,5.260621645009488
51,0.1290995670995671,4.725639108138608,4.8853988686751855
52,0.011058531746031745,0.4776443242215304,0.4679090394899219
53,0.0005154639175257732,0.3120516887894466,0.4518194085410582
54,20.26018047045834,441.74406934589547,135.8188605085145
55,0.003015463917525773,0.25224333211344285,0.24873034605126032
56,0.0005154639175257732,0.27707686152263006,0.18872964287157099
57,1.0436598036466456,55.083812206198324,29.54539818295741
58,0.1880573593073593,3.789044391367147,2.6554183956738133
59,1.6262341564454945,98.31892479997582,71.21368924598751
60,0.3826029889575599,16.991048578357685,16.11430024549281
61,0.021719299491358316,3.036139633242576,0.824831678533885
62,0.012472222222222223,0.4857382095029156,0.5047775459834284
63,0.004015463917525774,0.41638286801613683,0.40865280304473117
64,0.01296037296037296,0.804180343413896,1.2783359385497541
65,0.72885101010101,9.658966980624292,4.3179306297632545
66,0.011058531746031745,0.4343858571983574,0.4269674492174493
67,0.8746744173009654,67.96747939867582,49.17819266951659
68,0.30319774996245596,4.348991896583809,5.75722867287941
69,0.014492424242424242,1.2538850301087956,0.7317665634803793
70,0.119245893210455,6.446123403431014,10.106602894254692
71,1.1267131388859328,21.013684799083013,21.02566459575206
72,0.257837549340065,7.648657705061541,17.928067349897276
73,0.021719299491358316,2.9893539189568616,0.8059031071053135
74,0.09911239332562859,8.73012583151283,4.045282598937011
75,0.1370118667879611,10.379579272188163,10.45867255451359
76,0.012636363636363637,0.8401012574027278,0.9829136084503731
77,0.02114484126984127,0.1949117165514224,0.3243451797385621
78,14.1161158345974,212.3477891105744,192.70861052343557
79,0.16374242424242424,2.8135791058356854,1.7389175101214582
80,0.04488888888888889,1.6681008615567432,0.42578914141414154
81,0.04901308658661598,0.6563452989863593,1.3045687065772207
82,0.0481334351922587,0.3548543704747267,0.7242375748606399
83,0.0907426601176601,4.610845869816458,5.11255907695246
84,0.011058531746031745,0.4335777763902766,0.42651290376290385
85,0.11834539724980893,0.8753139332073155,0.7205151784490021
86,8.29785464462438,270.111534396417,49.21281770149787
87,20.77232285510958,286.39069501471914,259.39041129170323
88,0.11816594924683159,6.531501843744494,8.177787372349869
89,0.007575757575757576,0.7559847094125348,1.2264413089490491
90,0.1257827468230694,2.8478756545349713,2.4227682353135465
91,0.16298524972167688,10.548765772048807,14.602468675167108
92,0.2963817346868819,12.213925202248737,12.275535835079955
93,0.7302795815295816,9.579162737782509,4.6263207683699195
94,0.8955907981203195,24.93452052438696,5.258134770772615
95,10.375910659601832,265.23788166442466,62.33091086038146
96,0.06205639213727448,0.6327166732261544,1.3113394978774238
97,0.04488888888888889,1.6681008615567432,0.4270391414141415
98,0.0005154639175257732,0.34401023572496725,0.5043649361129015
99,0.01243108076563959,0.49508401524945667,0.44557277771248366
100,0.7292795815295815,9.332366711204171,4.39748494554551
101,0.0021428571428571425,2.5472227236772516,0.5944826191180682
102,0.20272987018978814,11.317248951859193,13.0924672338195
103,0.02305555555555556,0.9477342171717171,0.10502723665223664
104,0.054172692503574836,0.609229143598919,1.190705163257795
105,0.1257827468230694,2.4170784634916886,1.5930508123855955
106,0.2941532057983296,11.63210963303552,19.93202777294516
107,0.07104484608528723,0.4691511582672575,0.6758172072595446
108,25.211927842367462,452.1255152162016,166.15800446015118
109,0.04488888888888889,1.6646388888888886,0.40912500000000007
110,0.015544788544788546,1.3212475771777248,1.0345034479409478
111,20.98717039719827,448.2412633324644,140.99812943403344
112,0.11018863796569978,5.240931295294052,8.78456820141485
113,0.1913300865800866,3.744215116475372,2.747906220349138
114,0.0005154639175257732,0.2854741568442675,0.1941868797136763
115,0.39984118825825915,15.991612334046438,16.441027351719917
116,0.10356115599204908,5.4891907797466475,5.293983905550757
117,0.8107210350790072,25.33902544373248,31.492545520103768
118,0.04488888888888889,1.6646388888888886,0.40912500000000007
119,0.0813452380952381,2.14492579468605,1.104670109238027
120,0.011058531746031745,0.4335777763902766,0.42651290376290385
121,0.09801190476190477,2.937703572463828,1.4839062203491382
122,0.0005154639175257732,0.3680191920464235,0.5118627785482438
123,0.28423048356871894,11.890111259655376,11.966489119132508
124,0.02078769841269841,0.2389475140872199,0.44100202289540524
125,0.5330018037518037,7.3589612490192975,3.960181860150513
126,0.013200757575757576,0.8707720850056377,1.2857821728709882
127,0.43890675485934755,39.23525844084108,33.320831086397256
128,0.04488888888888889,1.8227079264689552,0.5319775090105974
129,18.811268709317865,98.53000189119021,198.23367905035286
130,2.2057400225414936,48.09838343219225,61.77861860753403
131,12.166615391144797,96.21477468813865,144.41626062458784
132,0.023964646464646466,0.9857398989898991,0.10031132756132755
133,0.007242567073449426,0.3467233477307009,0.4883869586296053
134,0.09905973642370698,7.957463363670213,3.7556420328037974
135,0.04529722156928039,5.32613393754938,1.1299065550462613
136,0.059858032898474044,0.42343522142632056,0.5588190942614318
137,0.0005154639175257732,0.305709315476485,0.3854531359247855
138,0.2584818897973597,10.177465885122938,10.817401254144748
139,0.04488888888888889,1.6675479797979793,0.4118977272727274
140,0.11711519588490475,8.58576879562052,9.329138595073477
141,0.7302795815295816,9.30798384722862,4.588693472055123
142,0.1257827468230694,2.8320700427543595,2.410130622925934
143,0.023964646464646466,0.9914541847041848,0.10316847041847041
144,1.962862990445228,53.40730470469072,148.33328308413292
145,0.061645654998596165,2.809105426285961,7.2954126700397985
146,0.06933382589632583,5.695566244857656,2.4977249368278778
147,45.70196152527384,514.0644780718936,160.49062888047195
148,0.2090899794649795,7.829209223170619,8.934057546620044
149,0.14797870797503146,11.37731099823379,3.514869475295947
150,0.18584494967038614,15.237977398299327,15.465906250519545
151,0.013377039627039629,0.7772932166517692,1.2132835118098277
152,0.3395916762975588,3.5804810740729875,5.482846641512084
153,0.023964646464646466,0.984239898989899,0.10031132756132755
154,0.03022222222222222,1.429837057958381,0.7823181818181816
155,0.72885101010101,9.658966980624292,4.3179306297632545
156,0.2803643371807073,8.515056235366806,18.936259319004886
157,0.04488888888888889,1.808660335171364,0.528751748659837
158,0.13128519780346157,2.614525456213449,2.0881612952764583
159,0.8434936139067333,27.563116867867237,13.731857029000409
160,0.02115909090909091,1.472135696109462,0.7977173626811784
161,0.0,2.3097121558566984,3.10677383257008
162,0.0017654639175257731,0.39207983771310645,0.3111105952525234
163,0.11933269067941195,9.23137837472391,9.83507487044242
164,1.9574282653057815,51.536967707995565,68.14672503413121
165,0.09325897200625459,5.918993488431153,5.7649161581349855
166,0.025933677433677426,2.113549201207288,1.435658559169589
167,0.170676041128634,5.892488366724438,9.481797213751165
168,8.749323480312258,183.41189760538305,50.623703635159124
169,0.058691981221392985,0.7001412815126049,0.49916318281391825
170,0.72885101010101,9.665660796912924,4.3502037199771335
171,1.1604433006713766,20.750124073803114,27.96449684154524
172,0.670456671815996,29.344522684322673,21.278955517149782
173,0.9270843878639092,27.85581456075995,5.251888302693909
174,0.07480205905205906,5.1545602524202705,1.6289157925407927
175,0.01243108076563959,0.49508401524945667,0.44557277771248366
176,0.41012441286613216,16.25338918127565,16.343399968890328
177,0.02305555555555556,1.0179693362193363,0.12642604617604616
178,0.15394335443967794,11.515727803650599,3.801067887994358
179,0.024873737373737374,0.9461054292929293,0.10369390331890332
180,0.02114484126984127,0.19134605998576582,0.3200573009506833
181,0.08396493783993783,6.582889849293984,2.161908216783217
182,0.0021428571428571425,2.7285053099635137,0.6026869841974332
183,0.4229960578637052,3.283417107810491,5.968586313604696
184,0.032082704060645235,0.3786568521347934,0.4352879028651087
185,0.01403574611662847,0.45170827416048026,0.44811538869627104
186,0.7302795815295816,9.378015759760533,4.618888915500566
187,0.7316129148629149,9.23884290168036,4.401602411412976
188,0.02115909090909091,1.473135696109462,0.7969435531573689
189,0.43828047075473564,4.48946175474852,7.639631969337853
190,0.0005154639175257732,0.2817450297621992,0.35361980259145204
191,0.01243108076563959,0.4652355304009718,0.44331898983369583
192,0.007575757575757576,0.7544189747086417,1.1364618779268547
193,0.1562441205593016,9.776595778385783,7.950620634512369
194,34.549680467623205,527.48281763377,223.09553002159961
195,0.008243506493506494,0.7701647988449458,0.6030824383949385
196,0.016325757575757573,0.8797689284399814,1.2327060249691832
197,0.062469298675181015,0.4973983702056458,1.0606295305571625
198,0.00041666666666666664,0.41549315594536196,0.4124746307613954
199,0.0021428571428571425,2.6091609876191915,0.5906631746736237
200,0.7376148920523922,16.669563952129742,12.349181448217244
201,0.1913300865800866,3.743277616475372,2.738218720349138
202,0.03524608724608725,1.8578948755492868,4.6029566776747535
203,0.11353246774702956,5.328658941658697,5.167098081257233
204,0.0017499999999999998,3.6306899574883316,2.6489495214967356
205,0.0863110223110223,4.761775939746529,5.501486184158977
206,0.06933382589632583,5.67055636438725,2.500224936827878
207,1.9844953668192817,167.48991214029783,60.02462281139914
208,0.008022727272727272,1.619379537924236,2.6789407651387136
209,0.72885101010101,9.618552148208686,4.42241322574914
210,1.2125061904613965,64.46883628729239,47.09591137863117
211,0.07396872571872573,4.165823947058966,1.627249125874126
212,0.18022585328735777,11.328646055314735,14.471147544285605
213,48.54548384589699,463.9401921614465,201.0287571093122
214,2.263710301695208,102.27350881108494,43.080878049539045
215,0.5683852813852814,10.968370709870205,7.130517916294232
216,0.7330018037518038,9.20581909215655,4.329384474529597
217,0.12543370662253314,9.173428263603519,9.333034152946972
218,0.024873737373737374,0.9461054292929293,0.10369390331890332
219,0.9693343878639092,29.76716945912956,5.265569208389521
220,18.15381227351081,409.94145789415927,114.41629376016137
221,0.04488888888888889,1.7922156458737337,0.5298979566185451
222,37.21557757202379,278.07372411178017,219.62761638303652
223,0.013743531136794891,0.6946664971900165,1.0864207080128445
224,0.11045874979831163,6.107934098046854,8.202153678437824
225,0.0005154639175257732,0.3456957993443543,0.43993255599302133
226,0.04290148944193062,0.49028473710671877,0.5025840498295995
227,0.04488888888888889,1.6852986637545455,0.46166721105691705
228,0.33854942236985563,10.859056035875891,11.048584758701052
229,2.8090277007993727,96.29881886377729,42.453776766426735
230,0.47027545321895176,46.835535469325144,34.26031481306789
231,0.0031515151515151513,0.042585227272727275,0.05781006493506492
232,0.002146358543417367,0.3730268050877572,0.26567512542067495
233,0.20922195354954642,7.020407485187673,11.558498782607138
234,0.04283139083139081,0.6096902432577742,1.303584073563176
235,0.1880573593073593,3.789044391367147,2.6554183956738133
236,15.500607705546946,289.1756331100099,88.33397925393315
237,0.28834575078344443,9.132427049601592,19.72411369257249
238,0.11305627727083908,5.1874229301212145,5.156304430463582
239,0.003833333333333333,0.04488636363636364,0.09582142857142857
240,0.11821172536613705,0.9208617742551563,0.7478534929123168
241,0.011058531746031745,0.4335777763902766,0.42651290376290385
242,0.024492424242424243,1.7635709901796246,1.0404154113430426
243,0.20105735930735932,4.371302518860569,2.6477215426901957
244,1.0412249119640762,32.98551382523402,35.7421739920575
245,0.03973614294202528,0.4287128386319565,0.8280944194694193
246,0.7302795815295816,9.30798384722862,4.602526805388457
247,0.10239505107013923,6.270250672897872,6.556129912128459
248,0.41099517516796935,18.549921121362285,18.699233758888173
249,0.017464646464646464,1.1725370497665386,1.9045438511007395
250,0.03102063395541656,2.2958728570200746,1.621880452011047
251,7.665995040176539,85.893080595574,91.43482965505856
252,6.084086866023553,138.9843135115464,44.163655993374526
253,10.988037391401168,302.5110502799143,69.826785741778
254,0.017930555555555557,0.3530157860929921,0.4133212869646694
255,52.82695253447965,506.0867636194001,182.33598092634486
256,0.13036608015640275,2.8989201950499055,2.4718464232075235
257,0.06933382589632583,5.649780057360942,2.505224936827878
258,0.1880573593073593,3.789044391367147,2.6554183956738133
259,0.11497096612537783,0.7798085611284137,1.1796144513166582
260,0.7331282357859367,22.773604161540305,28.9986354529822
261,1.079141927130317,57.94197089123037,31.13452823462229
262,30.97155508788598,493.03972802966075,196.4923860506325
263,0.0027654639175257734,0.387808653917542,0.35572466539290937
264,0.04488888888888889,1.7439903850234726,0.5263995383701268
265,18.204884304281315,248.00167704820853,263.2371844278808
266,0.0005154639175257732,0.3198020827668143,0.4853812392542046
267,0.0005154639175257732,0.3055655776783355,0.44138885298550257
268,0.025933677433677426,2.1213964234295104,1.4406426861537156
269,11.708594867002903,203.32289807513925,174.2692730435135
270,0.0005154639175257732,0.34734356905830055,0.5047587090066744
271,47.026743583493406,532.0541686374555,168.02145653770032
272,4.821972218635338,116.19172130754527,28.231518186470392
273,0.04488888888888889,1.6655479797979793,0.41139772727272744
274,0.0981120270765889,6.083998370375833,6.437078851712268
275,0.02250005060299178,0.3717545728265544,0.3861699275956243
276,0.02115909090909091,1.412731142527277,0.8706485740137058
277,4.273067049243327,92.12895490143677,30.73957818422118
278,0.1257827468230694,2.464069111732337,1.738064396024179
279,0.013693865774748128,0.38697434101845896,0.4991233904983901
280,0.02305555555555556,1.0179693362193363,0.12642604617604616
281,0.04488888888888889,1.6655479797979793,0.41139772727272744
282,0.264365811068017,1.3608128028017727,2.6514372318857617
283,0.23110985501426687,3.5461587570925803,1.2960501094837398
284,0.09693205405705406,4.594612431685962,5.266663460314196
285,0.1257827468230694,2.8255329572876695,2.30816676952787
286,0.01243108076563959,0.4969021970676385,0.44623565650036245
287,0.21807209946915834,0.9730560912685527,2.4371653885330353
288,0.024873737373737374,0.9476887626262627,0.10402723665223665
289,28.483215926026435,343.2883846994111,293.363218591988
290,11.379929222104286,195.24663344797503,170.57333251173702
291,0.8955907981203195,24.281445183061628,5.25805322731607
292,12.438120263175358,202.68069596638202,197.5897855171511
293,0.04488888888888889,1.6675479797979793,0.4118977272727274
294,0.01620670995670996,1.0793214993640687,2.418614708176241
295,0.0005154639175257732,0.35336839839562983,0.5139273528628181
296,0.0030154639175257736,0.35387683573572376,0.3531605628288068
297,0.3725777335409689,17.81429690326014,16.982671540469333
298,0.8672319624819623,12.285365193114417,6.106293940064064
299,0.3451146473925112,20.934537227005876,20.65395372781674
300,0.13755735930735932,3.3954813502416057,2.2684516748945924
301,1.0483318493593263,24.906579825302924,33.25084112405262
302,0.0489098679098679,3.749118699111348,4.0389993548118595
303,1.917636607608938,134.78661851718965,58.25350239657574
304,16.2422034169497,236.4109994557847,234.41674114281614
305,0.0017499999999999998,3.6803881816497914,2.357726961377116
306,0.019257006882006884,2.2598426710212975,0.7579377738827101
307,1.0306605206879977,24.909020384743485,33.146925040136544
308,0.4476619510520438,35.75258634210647,32.829071582012745
309,0.7330018037518038,9.20581909215655,4.329384474529597
310,0.7376148920523922,16.733866316432106,12.349181448217244
311,0.07396872571872573,4.446286970146988,1.627249125874126
312,43.9874197772472,500.8525627431564,164.940104745637
313,0.7376148920523922,17.176052809677426,12.349181448217244
314,41.18872971759693,489.79103021621796,313.70464460201606
315,0.03271464646464647,1.828958964646464,0.6785973124098121
316,0.40319003758593325,15.619005224078252,15.751826361583124
317,0.49168761652004683,45.97306236288219,12.892943906519179
318,0.0005154639175257732,0.35490390088333823,0.5176714457797051
319,0.0005154639175257732,0.36485659769632917,0.5059334093063744
320,0.39017107565637,14.35445442425222,15.815249497642881
321,0.005,2.7331358674435298,0.7900142484364621
322,0.0005154639175257732,0.305709315476485,0.3854531359247855
323,0.26609800575241754,10.446988773073333,11.04597020177535
324,0.8713483740712844,26.795634263511758,30.45596857127431
325,0.07396872571872573,4.14047245133247,1.627249125874126
326,0.20853442390942395,7.638562758524155,8.9236131021756
327,9.32827948489849,80.67088569325412,102.67000502135889
328,0.0,3.4350145250131705,1.1366453175307667
329,0.01243108076563959,0.49508401524945667,0.44557277771248366
330,0.7376148920523922,16.74469964976544,12.349181448217244
331,0.04488888888888889,1.6675479797979793,0.4118977272727274
332,3.905143151117028,91.55883860057642,62.32379704353523
333,10.744471755959319,183.82962729767115,148.35403046900853
334,0.7302795815295816,9.295835226241765,4.498025552964408
335,0.7376148920523922,16.77568449825029,12.349181448217244
336,2.1199004473420104,51.361782903012966,54.992091881551026
337,0.07480205905205906,5.1545602524202705,1.6289157925407927
338,0.002879100281162137,0.46380606622745435,0.42827052231376633
339,0.11081845381978032,5.693078201492429,6.748149968095885
340,0.025933677433677426,2.116049201207288,1.4361585591695887
341,0.1257827468230694,2.3957355384428816,1.4448415008637843
342,0.0017654639175257731,0.39107983771310645,0.3111105952525234
343,1.4018203097141768,48.53041829047159,52.7079906091057
344,1.738166495763439,68.0935230080377,135.89816800640023
345,20.220453873600892,263.8061662950729,271.2767906064244
346,0.04488888888888889,1.6646388888888886,0.40912500000000007
347,0.11815067530508701,0.9145434153265032,0.8520644731085909
348,0.7316129148629149,9.23884290168036,4.387533131428254
349,42.6002808112401,499.2567837762544,323.30122997643696
350,0.004545766947828803,0.5837816272161731,0.5774858902791342
351,0.25720552323493506,10.85933874295639,11.520691397246548
352,0.1257827468230694,2.5440001792028784,1.9529729542057637
353,0.011058531746031745,0.442880254957461,0.43216877974966217
354,0.003833333333333333,0.04713203463203465,0.10163672438672439
355,0.0017499999999999998,3.861147470971582,2.0569880544507093
356,0.1900573593073593,3.815124207384463,2.8034516748945917
357,1.1676003583834467,32.82248864791899,63.680709027084056
358,0.7302795815295816,9.30748384722862,4.58363577974743
359,1.5354321626006402,36.97771287174407,33.65879353156832
360,0.0021428571428571425,2.5422227236772517,0.5901076191180682
361,0.17945268274445036,10.312560575735834,14.10273915790934
362,0.174041539630134,13.630520879306621,13.39502530690176
363,0.13461014056870393,9.640158992132818,9.409423010241213
364,0.1913300865800866,3.743277616475372,2.738218720349138
365,0.007575757575757576,0.7740691249969502,1.2133687981265384
366,1.0214601053401366,32.107037779622345,61.03190004152195
367,0.1257827468230694,2.4340072152954404,1.6281036623134453
368,10.615690322835055,294.33420079252085,60.88399942949209
369,0.07396872571872573,4.190323947058966,1.627249125874126
370,0.01680497688585924,0.47240683948404566,0.46065030516868755
371,44.09865530589748,505.39249142167915,326.9563651453616
372,0.11907724241680422,5.9810995939072065,9.342606862508656
373,0.29070073425027,10.342244786689069,19.255719099592373
374,0.8955907981203195,24.158680655922097,5.261173266998611
375,0.008022727272727272,1.771259047303745,2.6078830450809924
376,0.019257006882006884,2.259009337687964,0.7571044405493769
377,0.3526288561155049,16.06028941393144,17.26784180415818
378,0.11353246774702956,5.328658941658697,5.167098081257233
379,0.11444155865612048,5.427901365901122,5.1784112125703645
380,0.19012091726642816,13.647240939680373,11.797754399045223
381,0.0030833333333333333,3.5629828867812607,2.5425217617564755
382,0.3244130714057187,5.050865186692392,6.548761558294648
383,0.012472222222222223,0.4498594216241277,0.4671866368925193
384,0.04488888888888889,1.6655479797979793,0.41139772727272744
385,0.3124093994241054,13.143998772061273,9.648214773788306
386,0.05382229535170711,0.6348837751300984,0.4946223208980562
387,0.034173178129060476,0.504860746279864,0.5915956127206125
388,1.0635742129318355,81.89372073267232,52.46960894213244
389,6.629713869957871,86.73255912399004,88.47728517176407
390,0.0,1.2237525937684612,2.5926942108029554
391,6.962932899702635,270.23887921132433,41.85281365693131
392,0.015320091673032847,0.6396085858371076,1.810166575684377
393,0.35663409679776864,17.353359004438285,17.565994546210785
394,0.07003161993235518,7.30845089003274,2.62508638746874
395,0.06814460457842811,2.8035216299223658,7.599476725845533
396,0.20182450800811008,10.43126700507791,10.132653406564879
397,21.043446191557837,112.98473739873823,196.82378916246293
398,0.0005154639175257732,0.27549502976219914,0.35361980259145204
399,0.0845618735839324,7.764208585124025,1.8184734881131934
400,0.01400203962703963,0.8277902404612931,1.327575837539653
401,0.20853442390942395,7.456378262464659,8.9236131021756
402,0.02305555555555556,1.0215425685425685,0.12877453102453099
403,0.011058531746031745,0.43410807942057955,0.42768173493173506
404,0.8955907981203195,25.37802115971654,5.260986017479124
405,0.012472222222222223,0.4857382095029156,0.5047775459834284
406,1.2924962501084203,38.55415688228289,33.44639084283979
407,0.6070930626820722,54.07801817439956,17.24801054528976
408,0.10645496578584814,5.511058127738277,7.2631617618492585
409,0.019361617141028905,0.3321983302645068,0.5571191724941728
410,0.01167344665138783,0.3807815250410065,0.31427114051669014
411,0.025933677433677426,2.1070409039489912,1.4270101103961401
412,1.4349273426667377,107.63997962236796,64.04614984913133
413,0.2165990081119447,18.339744263378694,20.531808847922143
414,0.010159090909090911,0.8582199303964008,1.0510609917043736
415,0.7355018037518037,9.21231909215655,4.305051141196264
416,0.1257827468230694,2.6480281096058094,2.303922691968002
417,0.0021428571428571425,2.5824012951058233,0.5906631746736237
418,40.34106648879787,454.79060863685135,336.2777718145009
419,0.5523488901878997,47.89205623356263,15.330024184428401
420,0.4009927894817601,19.27782187800588,18.841899069025224
421,2.0417387030190826,51.92620757300672,55.70910882988048
422,0.02305555555555556,0.9513074494949494,0.10737572150072149
423,0.7302795815295816,9.5888944297017,4.663952081501232
424,8.669737683012723,143.40116028610825,89.11005982777974
425,12.292789775036042,204.3230487479959,171.9457978773398
426,0.49648493295919766,6.721826521925791,9.96287705064543
427,0.4880632372658301,44.327187477898775,36.25730174849657
428,0.004015463917525774,0.42280865391754197,0.41447466539290934
429,0.021719299491358316,2.951626646229589,0.80226674346895
430,0.11353246774702956,5.245652808902564,5.167098081257233
431,0.3413030061613655,13.505882080767526,17.892149271544596
432,0.0,3.68904031063106,1.1179714081068572
433,0.1880573593073593,3.789044391367147,2.6554183956738133
434,0.2772435311367949,4.396367998539544,2.1184098095545774
435,25.62123736617699,456.70106085112224,167.86239334904008
436,0.19453680075215626,12.620337873449296,11.680111395538614
437,0.025222222222222222,1.4476519718027065,0.40553683163242005
438,0.19855735930735932,4.4707716640944195,2.6470661229465406
439,0.021719299491358316,2.5542978143471835,0.7856647591437513
440,0.09693205405705406,4.599101068049598,5.262959455985192
441,0.09772154887596064,0.735633703714586,0.4900734881948119
442,0.8891069624819623,12.574673543261001,6.939793940064065
443,0.15249822367582733,9.824799549116257,10.11591208132665
444,11.288515261065323,195.84234935706593,168.3380949576245
445,0.166015991168053,8.045681676856937,10.077992013713665
446,0.71671199225611,34.98497579598333,44.930215055369445
447,5.752619855720475,128.60652671741312,30.8511571932969
448,0.08183084195216546,3.5987828615957467,9.276133239094925
449,0.007242567073449426,0.3292301326124858,0.5166944566871033
450,0.4059158582628408,15.979514253571779,16.13090864442532
451,0.016401515151515153,1.4435316425705358,2.5686229976808552
452,0.18633773466317113,15.127111236683163,15.229867650230947
453,0.20967821475909715,7.874150399641207,8.935822252502398
454,5.524522542473006,66.99027359684519,91.90285517879097
455,1.1602626659326132,54.75163865559069,45.941574708442914
456,0.02305555555555556,1.0179693362193363,0.12642604617604616
457,0.0005154639175257732,0.2740505457331564,0.1876243797136763
458,0.07396872571872573,4.915052676662696,1.627249125874126
459,1.1309966387671495,62.326644660894665,32.20950647250069
460,0.04488888888888889,1.6747034256593076,0.45079275218245823
461,0.025222222222222222,1.314143612514936,0.3446098484848486
462,0.052368813784254946,0.48017323566955933,0.5625808958198665
463,0.04488888888888889,1.778804418212506,0.5268960418666303
464,0.31235649073149085,11.865061423258107,15.01191229358876
465,13.286503382507004,211.72531911080296,185.252735912344
466,0.38828225002122074,19.35786776267677,17.330133293134455
467,0.39700785492492585,15.90500992256903,16.43981306600563
468,0.13755735930735932,3.3954813502416057,2.2684516748945924
469,0.014492424242424242,1.20612335428462,0.7281207301470459
470,0.0005154639175257732,0.2516381595082702,0.29262946082537517
471,0.3943227107859461,24.59281217271292,25.358877424862712
472,0.0021428571428571425,2.908954364585362,0.662560933777265
473,7.895172114435273,195.54117767873882,38.3197640053445
474,0.13475640067684486,7.64555774441683,7.538643429699636
475,0.5262321489715442,53.08017304659083,37.43866898481593
476,1.9810960319135633,55.24900192495413,147.9160386333223
477,0.1913300865800866,3.744215116475372,2.741656220349138
478,0.002879100281162137,0.46641789883928686,0.4241038556470996
479,0.012472222222222223,0.4498594216241277,0.4671866368925193
480,0.1900573593073593,3.815124207384463,2.8034516748945917
481,0.07396872571872573,4.14047245133247,1.627249125874126
482,0.20853442390942395,7.631340536301933,8.9236131021756
483,18.26950502785598,247.4219925203826,257.0984946585858
484,1.941350771004023,125.45188209636072,82.1842836451689
485,0.7302795815295816,9.290522726241765,4.422749308375662
486,0.06678633090765441,0.3956978093286144,0.6753185845587163
487,0.25281274775276336,7.532116690520522,18.159273081665507
488,0.8672319624819623,12.2478985763978,6.106293940064064
489,0.19855735930735932,4.405094726652777,2.633072192040845
490,0.7376148920523922,16.499680335746127,12.349181448217244
491,0.06623593277637392,0.46117661891771805,0.6270710645134021
492,0.0005154639175257732,0.2988960250087828,0.4294097765064261
493,1.2539633983658753,25.31411497765058,34.91959617455767
494,0.11029561370002541,0.849949741843124,0.6166833713671953
495,0.9870010545305758,30.837697236907328,5.3000692083895204
496,0.025222222222222222,1.3300380603873245,0.34899446386946403
497,1.048796623383891,22.55476680808277,22.977441922226753
498,0.7316129148629149,9.23884290168036,4.387533131428254
499,0.03544240889829125,0.4294157468348647,0.7043531537906534
500,0.04488888888888889,1.6655479797979793,0.41139772727272744
501,0.023964646464646466,0.984239898989899,0.10031132756132755
502,22.03741271604642,142.6181126790951,186.27082492286266
503,0.72885101010101,9.506977740697552,4.307876371521496
504,0.012333333333333333,2.732492621800284,0.8694509506231644
505,0.20028050206994788,14.218730447895844,16.548389671353583
506,45.75706781723378,417.56438203144165,201.59623726230123
507,0.1880573593073593,3.789044391367147,2.6554183956738133
508,0.7302795815295816,9.300835226241764,4.57040578384464
509,0.030792225748108092,0.4735814422505601,0.5385525724275722
510,0.021501984126984123,0.22067578581549163,0.3757510238944063
511,0.16407866916726355,12.498333282181532,12.603439954753908
512,0.04488888888888889,1.6655479797979793,0.41139772727272744
513,1.0564823905884277,57.91334196541762,29.52868250845303
514,0.0963452380952381,2.7921480169082726,1.104670109238027
515,2.5458387508604226,94.8331847617682,46.988106970944436
516,0.0005154639175257732,0.3587925298197613,0.5185724993829648
517,0.11872803606759788,6.1693382996459105,9.381274750176544
518,0.07904311987032575,0.7734028491932903,1.0567323705706062
519,0.4045439854610564,16.10953260821671,16.441839040031606
520,0.39607035492492587,15.884009922569032,16.438979732672298
521,0.06643700049950044,5.507294763243294,2.5144471590501003
522,0.003833333333333333,0.05112193362193362,0.1251720779220779
523,0.28773053698350687,10.49314373505079,11.5225377079687
524,0.13948220447852797,11.022317352990141,3.1783574317839025
525,1.990530939184191,58.26692029054373,65.54899754552505
526,0.7355018037518037,9.21231909215655,4.305051141196264
527,0.3790995670995671,8.28069213844164,5.698732202008517
528,0.18767318139376965,0.9194718859571798,1.7593096119566705
529,0.34267054106024714,12.77276798405842,8.92404956236574
530,0.3435316521713582,13.054869264722203,9.31803423047541
531,0.0005154639175257732,0.35169289334512477,0.5143000079854733
532,0.02150979086273204,0.38978756760954913,0.357051686359736
533,0.019289058164058168,2.3566541851006138,0.7464078461221321
534,0.8608783285857584,56.70749045963926,20.616190049265324
535,0.5062363747363747,7.141564657564661,10.303111396365068
536,27.484392222833353,341.46380901550606,313.95811171383
537,0.013585372960372958,0.8192565866151393,1.3261175042063196
538,0.04488888888888889,1.6675479797979793,0.4118977272727274
539,0.7316129148629149,9.232009568347028,4.366560909206033
540,36.19084050353672,273.1525512984824,220.33948341877857
541,0.0728418170881406,0.4723403057211108,0.6729504016795037
542,0.0005154639175257732,0.2817450297621992,0.35361980259145204
543,0.1257827468230694,2.4403881676763928,1.658700731910515
544,1.5185405129008074,26.69546519438429,49.1064441859589
545,0.09238841101708749,5.832576939035338,7.961750920239891
546,0.582365373704383,53.44856784694924,15.131226010380221
547,21.042179596332467,461.73729417662025,140.50062510502912
548,0.3704928853825915,13.368065339480777,10.14775871432489
549,0.13755735930735932,3.3954813502416057,2.2684516748945924
550,0.40319003758593325,15.795372648320674,15.754173583805345
551,0.1257827468230694,2.5107019438125375,1.8395562481048469
552,0.02543367743367743,2.0464310346516217,1.346645475031505
553,0.014493506493506494,1.0020751662553133,0.9946114551298373
554,0.11305627727083908,5.171846007044292,5.156304430463582
555,0.04488888888888889,1.6747034256593076,0.4371790986790988
556,0.2816353679000739,13.295497751023486,9.588670518615373
557,0.10640301446919097,7.463462920657773,7.952114110970727
558,0.8955907981203195,24.158680655922097,5.261173266998611
559,0.005,2.7246102264178886,0.7896937356159492
560,0.1267018644701282,2.5144186894422087,1.8535919464965827
561,0.8955907981203195,24.254049349728295,5.258331005093848
562,0.004265463917525774,0.39372144251783064,0.4170891342573782
563,0.012123376623376623,0.773521538317204,1.3368003813352112
564,32.21124275881069,257.4043217382249,209.79699912237317
565,0.45523022305781574,37.24377841392354,32.684554092557754
566,0.1900573593073593,3.815124207384463,2.8034516748945917
567,0.051025159481041825,0.48276283030694805,0.9783806748806753
568,0.72885101010101,9.6377104871178,4.313847296429921
569,0.19116089384449592,9.993414600538006,10.457333948245418
570,0.01440909090909091,1.072352256403727,1.4423667692601512
571,0.08074783753827872,0.48793402817512727,0.6643765090688468
572,0.0031515151515151513,0.042585227272727275,0.05781006493506492
573,42.37413884821947,462.5746637479983,348.6800003722993
574,0.0021428571428571425,2.6963624528206567,0.6016155556260046
575,0.20646180820791035,11.186856999148162,13.425584841551462
576,4.107513885302005,84.06448555718451,24.1443076886349
577,7.343272936214114,184.83839570920338,30.297092321077617
578,0.003015463917525773,0.2573654322355429,0.26468501638093067
579,0.13244941348973607,3.062072514952226,2.2813892831253835
580,0.07396872571872573,4.190323947058966,1.627249125874126
581,0.177979509554946,14.754761294958225,14.790015613378905
582,0.04488888888888889,1.6646388888888886,0.40912500000000007
583,0.1677231145185587,9.653109230104343,8.282591065397273
584,0.8795745879803542,24.477751085329455,31.490902125916254
585,0.410935451803099,3.240065681459064,5.57028612767951
586,0.30159256668254353,10.505595421348524,19.248788010664953
587,0.03494240889829125,0.43544935211847013,0.6785360056610052
588,0.2903480649252709,17.90942975366136,15.390605316252373
589,0.16860010047142396,12.145912868585661,4.435796242972713
590,1.4452919884697182,57.45200926569431,53.62820627418105
591,0.1643056749107446,9.933771689438874,11.023969882413766
592,0.11146948905905088,6.537208993086455,6.538153769849686
593,0.07713699331714031,6.691309773387946,2.6264553404112227
594,33.05690346023086,470.0136457304305,121.10263464751623
595,0.07396872571872573,4.915052676662696,1.627249125874126
596,0.8672319624819623,12.248255719254944,6.106293940064064
597,0.4129328544096324,16.432238579366757,16.14150405317258
598,0.21301154809243047,8.169983732974542,9.209155585835731
599,38.38115820095368,311.1097772067115,217.53062813167236
600,0.04488888888888889,1.6739341948900768,0.4327752525252527
601,0.024873737373737374,0.9489842171717171,0.10520905483405484
602,0.011058531746031745,0.43410807942057955,0.42768173493173506
603,0.1161843852739471,5.890743713676322,9.125009640286432
604,0.72846241769926,45.62085991966476,19.426203862657818
605,0.011055555555555556,0.06671373397843987,0.15644718190306425
606,0.01243108076563959,0.49508401524945667,0.44557277771248366
607,1.7523439970547166,103.12735065860778,109.1630963010158
608,0.17337314671912188,5.5588330938926935,9.35601029682822
609,0.025222222222222222,1.3300380603873245,0.34899446386946403
610,0.008377039627039628,0.5869360737946263,0.954179116205432
611,0.09902810384060383,5.343317781483226,4.436534759766377
612,0.011058531746031745,0.4445469216241277,0.43341877974966214
613,0.02450005060299178,0.3720287708507524,0.3964538242545209
614,0.5933852813852813,11.798370709870207,7.122392916294232
615,18.695736296587253,253.46817601744107,264.49876624810736
616,0.0005154639175257732,0.26660244522255594,0.30941574806754474
617,0.003015463917525773,0.24186693073704135,0.20735881888561544
618,0.07924451161583511,0.4062036664101292,0.9404000758013911
619,0.004545766947828803,0.578920516105062,0.5774858902791342
620,0.12768127727083908,5.348482972783232,5.660637763796914
621,0.18451752259586152,10.413881955186282,8.658040271162271
622,2.717516822788495,91.7771907835242,43.75627427586174
623,2.1937427017508297,63.454369629839604,60.717558496914535
624,0.13244941348973607,3.0526877746924845,2.2877829033940036
625,1.1152661650436422,25.473343728066826,34.22353293224443
626,0.0005154639175257732,0.305709315476485,0.3854531359247855
627,0.097284077034077,8.134297520054597,2.6904823926073926
628,0.019257006882006884,2.2598426710212975,0.7579377738827101
629,18.416797436835893,250.9259233465009,267.7154518402929
630,0.06643700049950044,5.494373194615843,2.540784985847486
631,0.1913300865800866,3.743277616475372,2.738218720349138
632,0.011058531746031745,0.5211781551781555,0.4687382825507826
633,0.07722368603618601,4.583159880968707,5.2233600933380355
634,0.01440909090909091,1.0706650130914837,1.2829818694377513
635,0.20853442390942395,7.638562758524155,8.9236131021756
636,0.184731874184467,6.623456727611917,10.020887185870544
637,0.03155555555555556,1.4459254417967649,0.7871868686868685
638,0.019257006882006884,2.259009337687964,0.7571044405493769
639,0.01296037296037296,0.8462663962499488,1.3012743057381215
640,0.0705004925629925,6.032000211218092,2.512977462080403
641,0.01296037296037296,0.8339742231452759,1.2023798876562033
642,19.27307574185361,441.87858869460223,127.38794686660086
643,1.047904509254935,17.190969355914987,27.750873456930922
644,0.007575757575757576,0.7595257498779169,1.1277940873840644
645,26.30399351710381,475.1827500570617,171.85688502837036
646,0.0005154639175257732,0.3148838790664897,0.2010688241581207
647,0.5155328017570665,5.473526599625868,8.983584343352724
648,0.025222222222222222,1.4238060268979387,0.38781786677374924
649,0.011058531746031745,0.4335777763902766,0.42651290376290385
650,0.20873552876861706,13.315126871494522,7.660098213877627
651,0.8955907981203195,24.162743155922097,5.261173266998611
652,0.025222222222222222,1.3144213902927138,0.3446098484848486
653,0.19500598895858187,7.455340496620687,10.24005593378929
654,0.7302795815295816,9.290522726241765,4.4296064512328055
655,0.08612162837162839,5.047168000300354,6.261473897834187
656,0.010159090909090911,0.8017992669095609,0.7657685382428028
657,0.021719299491358316,2.7921893335422765,0.7981953148975215
658,0.7302795815295816,9.514341227185263,4.716927475388389
659,0.45210286772051506,4.135939495145378,6.6271976675285496
660,0.1257827468230694,2.8354329814672985,2.32792099921631
661,0.07396872571872573,4.143164759024778,1.627249125874126
662,0.38164349947438203,12.8629392245826,10.28000120059679
663,0.1790596729764406,11.05035217302743,13.828761337119019
664,0.09929653271565035,8.839675040881893,4.647674448100921
665,0.1852734749768139,10.566604482658807,8.674139630136631
666,0.7679995074370075,18.12390895353357,12.876873755909548
667,0.1913300865800866,3.743277616475372,2.738218720349138
668,0.20261922064863241,12.868902250656127,15.076321480763818
669,0.2489415172246055,13.579781314273962,9.183457479611896
670,11.05364101031607,188.7238294982484,152.27837218978775
671,0.0010833333333333333,4.047218396004582,1.7913201133446872
672,0.01243108076563959,0.4969021970676385,0.44623565650036245
673,0.12899353113679488,2.443764982038501,1.5022010110431474
674,0.2789510395005752,10.304282221476504,18.95211584173911
675,1.0501179159393543,81.3424425371836,52.05942332183168
676,0.025222222222222222,1.3322015219257861,0.34976369463869483
677,1.5358766070450847,37.172935093966295,33.79312686490166
678,0.21338692147183938,12.20609152595177,13.3691563363836
679,0.01977128427128427,1.6100139370433493,0.9646186268796565
680,0.02543367743367743,2.048034209254796,1.3490740464600761
681,1.3265581743033368,85.72598634705078,75.36022203106491
682,0.2713826785959139,11.913879875843113,7.265831144753941
683,0.06148482277526395,0.5839047004766821,0.6324834698540195
684,0.0005154639175257732,0.3382813396210711,0.49747160721957256
685,0.8672319624819623,12.243798543261002,6.106293940064064
686,0.10404114594555768,0.8248836135269957,0.5820573446161684
687,0.019257006882006884,2.2598426710212975,0.7579377738827101
688,0.33555546169516776,13.192494174534612,9.4383670226832
689,0.0021428571428571425,2.7285053099635137,0.6026869841974332
690,0.13244941348973607,3.0319957583754693,2.3014173939034936
691,0.01296037296037296,0.774294916340969,1.196084197235513
692,0.0005154639175257732,0.3474662551956926,0.5052244067076661
693,0.19377112389244747,13.376503354488655,5.7868542416261075
694,0.0021428571428571425,2.908954364585362,0.662560933777265
695,0.8955907981203195,24.158680655922097,5.261173266998611
696,0.06933382589632583,5.667223031053916,2.505224936827878
697,0.05252515948104182,0.46662284018011585,1.005734495037127
698,0.1257827468230694,2.7051104676072835,2.4548335727538837
699,0.035389061918473665,0.43055543108851924,0.45950471464809717
700,0.03465084915084916,1.7998183895353008,4.297914832673348
701,0.7292795815295815,9.332366711204171,4.380197649508214
702,0.7780440906139436,30.767814164450172,31.502088330213336
703,0.04488888888888889,1.6675479797979793,0.4118977272727274
704,0.5683852813852814,10.968370709870205,7.130517916294232
705,0.10639379982762336,0.49577318351583033,1.3279380341880342
706,0.7376148920523922,16.957471613096228,12.349181448217244
707,0.01296037296037296,0.7936736279071804,1.2712870568758725
708,0.12210196747696746,6.8307805340084755,6.132204943749063
709,0.04488888888888889,1.6671917706476527,0.42476641414141425
710,0.07568290043290044,3.2424389553502215,2.732648868675185
711,11.247156342206404,193.09220504304668,182.0368959899255
712,0.19264317910309703,11.465750901298644,11.277398802251064
713,0.14454281053913404,11.064724459772249,3.4377412701677406
714,0.0950715811965812,5.648785915881507,7.1891480778208665
715,2.2145907456191902,121.73344755156691,129.23246658136333
716,47.014027557388445,467.06010840490364,196.5758703702343
717,1.3622726033131787,25.230863669991237,39.80449490924551
718,0.47162616028983206,17.030247893327175,18.072097720813957
719,0.02114484126984127,0.19134605998576582,0.3200573009506833
720,0.38790998299086565,13.017003930709809,10.20395623167682
721,0.11420012830306948,4.981004013551811,7.295100849314089
722,0.14802559813897978,8.496816747623797,7.485608433480898
723,0.012492424242424242,0.7715423843657203,1.2093026522840764
724,1.3377053590625567,32.174030473704235,38.010914781947875
725,0.002879100281162137,0.4758938395652277,0.4111563448245888
726,0.1992410914246936,10.390422967901634,12.899170727887347
727,0.09986324786324788,6.353424416270007,7.463195363868152
728,1.4641211784360981,50.779739405029524,53.646052928365386
729,0.09555047811665458,5.997798026792609,7.994611703827648
730,0.024492424242424243,1.7353331169417519,0.9605198485724799
731,0.03022222222222222,1.420948169069492,0.7823181818181816
732,1.482758250572492,28.61301610838258,50.30741276891101
733,0.0005154639175257732,0.2817450297621992,0.35361980259145204
734,0.06643700049950044,5.5087947632432925,2.5009471590501
735,0.06310075522303783,4.127905482890938,4.656092787877795
736,0.1913300865800866,3.742652616475372,2.735718720349138
737,0.0005154639175257732,0.2922622698750277,0.3992473139689636
738,0.2161821993366112,3.153639498573323,1.2947288196624505
739,0.7302795815295816,9.317646545641317,4.656767342628994
740,0.0055000000000000005,2.687443379376042,0.8046024657746794
741,29.310599079970583,440.6946360717884,111.09629252640205
742,1.7341278006560517,42.57377666456186,50.84576024034654
743,2.083268768713621,52.51252785761977,57.9037897509331
744,0.24049774490215675,2.460298684567067,0.8216437373900611
745,2.202804141858709,68.30525627677541,64.49899648088618
746,1.5011712458009268,97.40399799870698,71.09679222780102
747,0.7376148920523922,17.019330587455205,12.349181448217244
748,0.8428745947679772,26.95580922156617,13.566300292608148
749,0.008200757575757577,0.6864485058070584,1.0304728710616866
750,25.426594509034132,453.6863485495349,167.01406001570675
751,28.528649967464588,477.92634522719936,175.65927722904888
752,20.090111956348604,107.49409111446694,194.82151643519023
753,0.1025807803307803,8.998201366208445,2.743075799200799
754,0.0005154639175257732,0.2817450297621992,0.35361980259145204
755,6.968249126690306,174.18523268889044,28.488517146252438
756,0.0963452380952381,2.7921480169082726,1.1027951092380273
757,0.025222222222222222,1.436082624483359,0.40816785338844175
758,0.03316275391275392,1.8600182313601428,4.438771522552099
759,0.7376148920523922,16.530537478603268,12.349181448217244
760,13.57567936828593,213.20610513482796,183.04456834339345
761,0.1975151398736646,15.252358862974914,17.335398975280654
762,0.007575757575757576,0.7443854961258214,1.2262387059964461
763,0.2594748894895954,2.6681593957513074,3.8826995284127634
764,0.0005154639175257732,0.36030897864871014,0.49955245692542216
765,0.0005154639175257732,0.3046378869050564,0.38509599306764264
766,0.8132414328958444,49.37387780954694,53.56238201120557
767,0.20853442390942395,7.387553436147186,8.9236131021756
768,0.8857919670065567,25.017541705248746,31.941851822461544
769,0.04488888888888889,1.6675479797979793,0.4118977272727274
770,0.002879100281162137,0.46457529699668504,0.42827052231376633
771,0.04488888888888889,1.6796917706476524,0.42100883838383846
772,0.11012979708178154,9.139128878605993,10.119614385021407
773,0.04488888888888889,1.6675479797979793,0.4118977272727274
774,40.67408372809451,467.2060899075373,315.5634564876923
775,0.029075757575757574,1.8169152704204565,1.1932978136629446
776,2.268657130386814,122.3400973251465,146.7185351489541
777,0.1712596054828747,11.214360873584699,14.619566266902854
778,0.014492424242424242,1.2573375359363015,0.7317665634803793
779,11.254139356343687,295.5199319416328,65.68993529647167
780,1.4138031596602019,105.48071164851176,63.420901037485464
781,0.8888290414435924,55.87360901149499,29.2960546355949
782,0.20446134266468163,11.005177223149309,12.704756541003544
783,47.68861964585556,462.32930017147044,200.49634311970706
784,0.72885101010101,9.658966980624292,4.3179306297632545
785,0.020346750471750476,2.418216150912579,0.7645275042417902
786,0.08470270701520699,4.6458891476170905,4.064839690946308
787,11.220510244023544,193.17771727795233,152.6993914834026
788,0.10398049254666902,6.782434804638948,8.207177802353305
789,0.0005154639175257732,0.27707686152263006,0.18872964287157099
790,2.0676341243036287,151.44136764624264,99.30200165329599
791,0.0005154639175257732,0.3192575778436328,0.41217459867256395
